Name,shop_code__c
JeryJan,5006803999212
Dogulas Pepper,5006712999914
Mirokc Pepper,5006712999999
Aluga Pepper,5006712999913
Lotus Pepper,5006712999954
Bilber Pepper,5006712999912
JeryJan,5006803999212
Dogulas Pepper,5006712999914
Mirokc Pepper,5006712999999
Aluga Pepper,5006712999913
Lotus Pepper,5006712999954
Bilber Pepper,5006712999912
JeryJan,5006803999212
Dogulas Pepper,5006712999914
Mirokc Pepper,5006712999999
Aluga Pepper,5006712999913
Lotus Pepper,5006712999954
Bilber Pepper,5006712999912
JeryJan,5006803999212
Dogulas Pepper,5006712999914
Mirokc Pepper,5006712999999
Aluga Pepper,5006712999913
Lotus Pepper,5006712999954
Bilber Pepper,5006712999912
JeryJan,5006803999212
Dogulas Pepper,5006712999914
Mirokc Pepper,5006712999999
Aluga Pepper,5006712999913
Lotus Pepper,5006712999954
Bilber Pepper,5006712999912

